wafer_index,wafer_key,lot,wafer_r2,wafer_rmse,mean_bias
14,2024-07-05_06,2,0.9946768503792214,0.00544245596022677,-0.0024194551530945354
13,2024-07-05_05,2,0.9892520211663256,0.007846243314452824,-0.0018143084208823144
5,2024-07-02_06,1,0.9879188501530686,0.00798566976269186,-0.002046195408609612
6,2024-07-02_08,1,0.9872743493996434,0.008046884673854577,-0.007005416933693272
18,2024-07-05_10,2,0.9861382826140282,0.008691689786426874,-0.008090661116127095
15,2024-07-05_07,2,0.98434152724462,0.009346799173739708,-0.008230121427959614
11,2024-07-05_03,2,0.9809665335614056,0.010417595684327255,0.006046014727230648
2,2024-07-02_03,1,0.977549918691563,0.01099952780115147,0.008896539232293972
17,2024-07-05_09,2,0.9755581494678787,0.011498054245072751,-0.010402426646578965
4,2024-07-02_05,1,0.9745472953816364,0.011546433254187125,-0.0078992547546123
3,2024-07-02_04,1,0.9730498425061849,0.012037154841188398,0.011285129745768162
12,2024-07-05_04,2,0.9678162368723874,0.013460630465356371,0.011345769622475388
1,2024-07-02_02,1,0.9666247624843584,0.013167559399633,0.012004300903249766
16,2024-07-05_08,2,0.9582851194820722,0.015045216270950533,-0.01361605442444106
8,2024-07-02_10,1,0.9427630750604908,0.016993162667662726,-0.015385180900390472
10,2024-07-05_02,2,0.9401175064624437,0.018240919112978475,0.017764409081309853
55,2024-08-01_07,6,0.9179513255372252,0.01636424359177868,0.004411398764814051
72,2024-08-07_08,8,0.9102205061111907,0.01732383264089678,0.0022253283810461325
71,2024-08-07_07,8,0.8924943340443358,0.018838985463638977,0.005271002480445966
7,2024-07-02_09,1,0.8792100922710329,0.024868030487407055,-0.020745063928938066
44,2024-07-19_06,5,0.8789912899360832,0.01991903475981584,-0.011260257652842838
80,2024-08-21_06,9,0.8684177740576279,0.02087566407760605,0.005585213114310526
27,2024-07-09_09,3,0.8539875912965684,0.025699312465548275,-0.0037302245567970684
24,2024-07-09_06,3,0.8529502850948075,0.026352021027159923,0.00233548991992704
37,2024-07-11_09,4,0.8492156358265779,0.022523597080546062,-0.01409365798197358
34,2024-07-11_06,4,0.8371603641519689,0.02820437936493859,0.004320551122292225
36,2024-07-11_08,4,0.835841547731174,0.02312241346484655,-0.01114353328596706
75,2024-08-21_01,9,0.8214437151943317,0.024373248815491418,0.002371604754273038
26,2024-07-09_08,3,0.8140274618096108,0.028858706865047625,-0.0029465242492896005
56,2024-08-01_08,6,0.8050194927765443,0.025480608951919614,0.009440378442323713
25,2024-07-09_07,3,0.7953675079589454,0.030108985312619893,-0.004380315424101647
32,2024-07-11_04,4,0.7928054408389523,0.03279266879536056,0.013320046953070631
9,2024-07-05_01,2,0.7908663293794356,0.033324742754356346,0.016255117355388374
35,2024-07-11_07,4,0.7766668070021188,0.03234326178495989,-0.009775388641305623
20,2024-07-09_02,3,0.7742206856860427,0.03502931075679507,-0.014962608246390929
57,2024-08-01_09,6,0.7695764876540957,0.027622026838600985,8.771941773948599e-05
33,2024-07-11_05,4,0.7645280502186788,0.03377527307391393,0.012834400862753321
22,2024-07-09_04,3,0.7594502636943515,0.03476072148175392,0.016681473013578803
64,2024-08-05_06,7,0.7537477003020677,0.028778808035774536,0.0023737294792800815
81,2024-08-21_07,9,0.7499539187135404,0.028732684259223883,0.007007704390590117
38,2024-07-11_10,4,0.7497626024486285,0.02905877157421226,-0.0028333609989359843
62,2024-08-05_04,7,0.7440446973515602,0.028840388793738025,0.006593084342271727
0,2024-07-02_01,1,0.7431981234827292,0.03766394413010852,-0.018010873434735036
45,2024-07-19_07,5,0.7301978806522256,0.02959426267437636,0.005436824392519152
23,2024-07-09_05,3,0.7296416904705362,0.03621603778769348,0.017416315932927147
65,2024-08-07_01,8,0.7206954037490111,0.02912387794728931,0.00885354042302331
74,2024-08-07_10,8,0.7065848144026048,0.030981637960962538,0.005302743267575735
68,2024-08-07_04,8,0.7063951650033484,0.030945915157465084,0.005441447500351674
70,2024-08-07_06,8,0.6819065513885414,0.03189408958060314,0.009755704298819494
69,2024-08-07_05,8,0.6734063163075026,0.032175521459201294,0.007170180258679402
83,2024-08-21_10,9,0.6681640718360556,0.03266747231565529,0.007196599753495441
42,2024-07-19_04,5,0.6590522400142362,0.0333243970521472,0.010182381909651981
63,2024-08-05_05,7,0.6559821164591948,0.03377104527521307,0.005756953663660843
58,2024-08-01_10,6,0.6395865662143781,0.03434330800246549,0.0036398471515373867
41,2024-07-19_03,5,0.6388000519231959,0.034206023591182126,0.0013216178030178757
31,2024-07-11_03,4,0.5808918375469869,0.04632098018304897,0.023822846604620217
40,2024-07-19_02,5,0.5781945459183047,0.03646638707883299,-0.005280527159631184
79,2024-08-21_05,9,0.5233636498511958,0.038451147660063204,-0.00019419980884375273
43,2024-07-19_05,5,0.5206143661121525,0.03973850727322236,0.024031365975898347
77,2024-08-21_03,9,0.4805606800801757,0.04069638177494941,-0.0030384226565101143
39,2024-07-19_01,5,0.47259013903005176,0.042469619411529956,0.016073494923433854
21,2024-07-09_03,3,0.46167118412970143,0.05184350589266616,0.025992791615631963
19,2024-07-09_01,3,0.45273564828240087,0.056224179940083226,-0.034638225908263535
60,2024-08-05_02,7,0.4456146659602733,0.0416633821655724,0.00021763765790310384
29,2024-07-11_01,4,0.41105796599095035,0.05414308724577514,0.028133311213115627
59,2024-08-05_01,7,0.39213182049446305,0.04339352147074848,-0.00255352386622411
78,2024-08-21_04,9,0.30112729845921415,0.046806102627828694,-0.00602123426740908
66,2024-08-07_02,8,0.30077148520829566,0.04587880274018409,-0.0033302632621468667
67,2024-08-07_03,8,0.3000947595877407,0.046008143725248876,0.003778260350894562
82,2024-08-21_08,9,0.2955192164845346,0.04815756114741223,0.0024882708759094243
61,2024-08-05_03,7,0.27928198195624865,0.04790964803875983,-0.0008300623790223193
28,2024-07-09_10,3,0.26873612139642766,0.060586253000588786,0.011975494931940221
30,2024-07-11_02,4,0.24924443159908927,0.060551671817697154,0.014269898245133215
86,2024-08-22_03,10,0.1482932156475142,0.051531405408589824,0.026097415347715994
73,2024-08-07_09,8,0.09902845367885349,0.05488439792993628,0.018193802122116284
85,2024-08-22_02,10,-0.006999223152860168,0.057684788851353204,0.03392859696213299
46,2024-07-19_08,5,-0.04685072146907232,0.05439722269221051,-0.011220992547005216
48,2024-07-19_10,5,-0.07126202148863703,0.05543908245739424,-0.005609947332946722
84,2024-08-22_01,10,-0.11376210748744531,0.06165908947726847,0.03753496379416335
76,2024-08-21_02,9,-0.2327657029628165,0.06387701593230805,-0.0026346525767442395
50,2024-08-01_02,6,-0.2852935931246472,0.06376567474402849,-0.004923847669329395
51,2024-08-01_03,6,-0.48474911637465823,0.06847238529496433,-0.02076556486777812
49,2024-08-01_01,6,-0.5924190183504843,0.07168230280741301,-0.024745807316479452
52,2024-08-01_04,6,-0.643800373137088,0.07089015925762543,-0.021996556076467038
87,2024-08-22_04,10,-0.6527781085705513,0.11447313611461968,-0.06402339704896814
47,2024-07-19_09,5,-0.8552332505730122,0.071454448152754,-0.03453728053752669
53,2024-08-01_05,6,-0.8914305714056614,0.07518519048978221,-0.027302271407579126
54,2024-08-01_06,6,-1.1999114244209674,0.07960566323574883,-0.034314530987765775
