model,fold,test_wafers,best_epoch,validation_loss_scaled,rmse,mae,r2_global,r2_mean_wafer,r2_median_wafer,wafer_r2_positive_fraction
region_heads,1,18,51,0.3607191741466522,0.04202469629454922,0.021451074154837293,0.7076109093312228,0.5067234870760154,0.6672638453150074,0.9444444444444444
region_heads,2,18,101,0.2724945545196533,0.039176815129709455,0.024135171549194593,0.7609889082620468,0.6251102454121563,0.6926699003267391,1.0
region_heads,3,18,43,0.3951403796672821,0.05243005009554514,0.02527433944025527,0.5695076865999846,0.3787189183517328,0.82838330676567,0.7222222222222222
region_heads,4,17,29,0.24398794770240784,0.049869558739486515,0.026692225488308588,0.4219302509825713,0.20594674055671977,0.43014815866288303,0.7058823529411765
region_heads,5,17,51,0.2842767536640167,0.04275636242851186,0.022690592913476394,0.6717416424738236,0.49009782603669505,0.6848721313470989,0.8823529411764706
region_heads_edge_weighted,1,18,41,0.3722762167453766,0.041443466568614994,0.021332807160500174,0.715642853291446,0.5095104174641558,0.6572977865761165,0.8888888888888888
region_heads_edge_weighted,2,18,101,0.25462326407432556,0.03902571024564001,0.02367587326611733,0.7628290830705611,0.6263232074487898,0.7162412778287136,0.9444444444444444
region_heads_edge_weighted,3,18,57,0.3718530535697937,0.054255283906793524,0.026625516311766774,0.5390127255891359,0.327568283262751,0.804235654808146,0.6666666666666666
region_heads_edge_weighted,4,17,33,0.21843889355659485,0.04956002402720387,0.026847319152590896,0.42908400772621336,0.21502266312909188,0.42369170347310603,0.7058823529411765
region_heads_edge_weighted,5,17,52,0.25881367921829224,0.04233089493472981,0.02211187761805922,0.6782421191275142,0.4996151232252514,0.7377657935832443,0.8235294117647058
