model,fold,train_wafers,test_wafers,best_epoch,validation_loss_scaled,rmse,mae,r2_global,r2_mean_location,r2_mean_wafer,r2_median_wafer,wafer_r2_positive_fraction
coordinate_spatial_only,1,70,18,351,0.555794358253479,0.05244407602418263,0.02979137601562164,0.54465048945571,0.12007420614698688,0.2770946683317054,0.6152739737055879,0.7777777777777778
coordinate_spatial_only,2,70,18,324,0.47738587856292725,0.048613186063026156,0.030635171252459157,0.6319829228997909,0.17511535013580776,0.4482771940935235,0.5233942739800115,0.9444444444444444
coordinate_spatial_only,3,70,18,97,0.5947452783584595,0.05111011053248747,0.03085921133343543,0.5909103458293212,0.030668157311609445,0.38747388073076117,0.5751619424236167,0.8333333333333334
coordinate_spatial_only,4,71,17,16,0.39420342445373535,0.061652948590585364,0.03790328229241733,0.1164789611253576,-0.49902750132675816,-0.20836878809854675,0.30595034664197895,0.6470588235294118
coordinate_spatial_only,5,71,17,263,0.4317799508571625,0.04939062122108045,0.030549164903430383,0.561970590844268,-0.10534093662718412,0.3837256960182341,0.3264457219504503,0.8235294117647058
coordinate_fused,1,70,18,29,0.5701072812080383,0.04682102690236273,0.02842461504928578,0.6370608090442604,0.251611967406838,0.4042370865278748,0.5976083406242569,0.8888888888888888
coordinate_fused,2,70,18,8,0.5280995965003967,0.055756745661854734,0.03742959079743107,0.515878203566228,0.16487972355950586,0.29615501059286825,0.25402303077427757,0.9444444444444444
coordinate_fused,3,70,18,14,0.5945257544517517,0.05777030273338429,0.03330317615072054,0.47734616333661106,0.16467470125972605,0.26041168172366524,0.5393953137158378,0.7777777777777778
coordinate_fused,4,71,17,19,0.3698224723339081,0.05313795380287965,0.030854920634823136,0.34367515334527854,-0.0079431025700539,0.12655004652370816,0.2203187317475801,0.7058823529411765
coordinate_fused,5,71,17,25,0.47922447323799133,0.05279948558000097,0.03185710106356479,0.49941979115555757,-0.14141173755146974,0.2806783458627149,0.6690061584763604,0.7647058823529411
graph_feature_fused,1,70,18,44,0.4112868010997772,0.03982725254963277,0.021259219598111553,0.7373891329917417,0.5794020650477122,0.5593817735198825,0.6615001339612236,0.9444444444444444
graph_feature_fused,2,70,18,40,0.24871578812599182,0.037253935962001536,0.02050872835639717,0.7838754367866148,0.44096357356668037,0.660894278010271,0.7082348159386531,1.0
graph_feature_fused,3,70,18,46,0.42701736092567444,0.054936774057638915,0.02644334073745235,0.5273592494584689,0.26515807571343686,0.30459006943893524,0.6870921721897799,0.6666666666666666
graph_feature_fused,4,71,17,26,0.22931165993213654,0.047016717597470385,0.024608073730944757,0.4861766877440642,0.3705960726834455,0.290211989250473,0.7463357400659327,0.7647058823529411
graph_feature_fused,5,71,17,77,0.30079808831214905,0.04365935963167979,0.025058340173197417,0.6577298575984605,0.26261002137173534,0.4749672763182118,0.5938881538927583,0.8235294117647058
