model,fold,test_wafers,best_epoch,validation_loss_scaled,rmse,mae,r2_global,r2_mean_wafer,r2_median_wafer,wafer_r2_positive_fraction,shape_rmse,shape_r2_mean_wafer,shape_r2_median_wafer,mean_thickness_rmse
shape_decomposed_w1,1,18,30,0.39665108919143677,0.04904381813382256,0.028561202306591836,0.6017823142566879,0.2974804731900186,0.7173583239687941,0.7777777777777778,0.042884667579475004,0.4587232954280808,0.735241300902471,0.023794986525345792
shape_decomposed_w1,2,18,23,0.39031147956848145,0.040795823822050915,0.025226097937070344,0.7408261283851969,0.5860786227625198,0.6409275337762402,1.0,0.03727460197549701,0.6495364750669814,0.7349301929571502,0.016580207745625245
shape_decomposed_w1,3,18,34,0.2951274514198303,0.047816006843096996,0.024991006916042006,0.6419435792624688,0.4772152126547053,0.7703028459617158,0.8333333333333334,0.04201853845789015,0.5774465861883891,0.796280023981665,0.022821326347999698
shape_decomposed_w1,4,17,73,0.15947012603282928,0.04498262693072134,0.026199463597738906,0.5296741812716264,0.35410124687268507,0.6003498177200969,0.8235294117647058,0.04187257632795327,0.4373772498377148,0.616935961356211,0.016435451841923444
shape_decomposed_w1,5,17,28,0.30084148049354553,0.0435485815028591,0.025096580550326843,0.659464557489512,0.47053487534148397,0.69273772074812,0.8823529411764706,0.04059759428471734,0.5299322696837757,0.7596623306053958,0.015757991280764425
shape_decomposed_w2,1,18,30,0.6717668771743774,0.04718028190550973,0.02766863957112116,0.631469818947421,0.35141847716496133,0.7203688413403275,0.7777777777777778,0.04185900738906453,0.4842823370127992,0.7334287740751118,0.02176700487172294
shape_decomposed_w2,2,18,66,0.5987142324447632,0.04106336306162096,0.023925681043417857,0.7374156545976098,0.5557648223298075,0.6542313839202756,0.8888888888888888,0.03811259986187407,0.6169266190254316,0.7172024764652453,0.01528494415099945
shape_decomposed_w2,3,18,34,0.492908775806427,0.04599024697544262,0.02275400670118256,0.6687649089916172,0.5101561963552723,0.7858696891297052,0.8333333333333334,0.041019525762792726,0.5939986275557079,0.809363145004905,0.020796666152482077
shape_decomposed_w2,4,17,70,0.28856539726257324,0.043916829956416124,0.025642774239347608,0.5516975009434171,0.3850849708198535,0.531683311469032,0.7647058823529411,0.04084597974813863,0.46505622072801384,0.6086395079438645,0.016133626121719122
shape_decomposed_w2,5,17,28,0.48796218633651733,0.04395034497061719,0.02518886074150499,0.6531522599581713,0.4619892884978807,0.689316889688934,0.8823529411764706,0.04057740921489629,0.529339757977383,0.7540897522854595,0.016885102441001217
