model,region,locations,rmse,mae,mean_bias,mean_wafer_r2_within_region,median_wafer_r2_within_region
flat_mlp_conv1d,centre,30,0.009253844672225122,0.007666284427624378,-0.0010423237866443121,0.8900545254734926,0.934748072990055
flat_mlp_conv1d,middle,29,0.05861490950443643,0.034294883258196705,-0.001552857614932464,-0.09112611699532916,0.5781895859391488
flat_mlp_conv1d,edge,29,0.042879924541420054,0.02467341724575189,-0.0013178053422483304,0.16310232331933674,0.44151010128455453
graph_feature_fused,centre,30,0.009705875286182412,0.007810669981587744,-0.0002886852406530064,0.8797343544026759,0.9338606204086433
graph_feature_fused,middle,29,0.062042168341445526,0.03691671246404956,-0.002463740462087812,-0.2857803570761452,0.5526748002944348
graph_feature_fused,edge,29,0.046752596656913455,0.026456119721401602,-0.0022817770026747988,-0.033066643999224654,0.3833045964793366
shape_decomposed_w1,centre,30,0.011921273397686371,0.010012905862256994,0.003907676845752231,0.8235526008659271,0.8991866453910776
shape_decomposed_w1,middle,29,0.059278259535243384,0.036699908555662054,-0.0021422758871228716,-0.10213671089269734,0.6051811040434889
shape_decomposed_w1,edge,29,0.05081372318217354,0.0319088881175822,0.002456884199378664,-0.1781796257505023,0.3740996774037856
shape_decomposed_w2,centre,30,0.012294657168098185,0.010214759689197562,0.0035530676807031822,0.8124618394279544,0.8940330841203008
shape_decomposed_w2,middle,29,0.058944325309453996,0.035881790225189,-0.0015183092043205494,-0.03288748644672228,0.6016713509443898
shape_decomposed_w2,edge,29,0.04871563974475834,0.029496309625899123,0.004116928258543484,-0.025856265450076223,0.45182262183210553
equal_weight_deep_ensemble,centre,30,0.00976463743284684,0.00843585629468199,0.001255371947029435,0.8796669065370026,0.8957260501637777
equal_weight_deep_ensemble,middle,29,0.05602592084617324,0.03384308772798248,-0.0015355834096265066,0.03492235353461619,0.636212229721705
equal_weight_deep_ensemble,edge,29,0.04341552561266903,0.025463399312090983,0.0013995614581475764,0.2046782376061403,0.5842117064386483
