model,fold,test_wafers,mean_wafer_r2,median_wafer_r2,positive_wafer_r2_fraction,mean_wafer_rmse
Mean profile baseline,1,18,-0.16751416027124938,-0.011677146325956178,0.4444444444444444,0.06857347069742319
Mean profile baseline,2,18,-0.1603263531064226,0.08144772858561156,0.6111111111111112,0.07000533503044265
Mean profile baseline,3,18,-0.2583017091969788,0.053435996973297706,0.5,0.07232880711111507
Mean profile baseline,4,17,-0.05440286116395727,0.07615763904757678,0.5294117647058824,0.060074931662326046
Mean profile baseline,5,17,-0.09342368019211626,0.027382325756775683,0.6470588235294118,0.06601559401943873
Ridge fusion,1,18,0.06980856667192153,0.33907984122114837,0.7777777777777778,0.052846305582748575
Ridge fusion,2,18,0.08377880893381019,0.5050959100749307,0.8333333333333334,0.04996512263697794
Ridge fusion,3,18,-14081.554222666991,0.25216007517514166,0.5555555555555556,1.6705428972256784
Ridge fusion,4,17,-0.04735573847800084,0.3034541204839082,0.5882352941176471,0.05416803083070067
Ridge fusion,5,17,0.3941802991984804,0.6377136790173106,0.8235294117647058,0.04479612223517146
Extra Trees fusion,1,18,0.530832455255832,0.7467162311653044,0.8888888888888888,0.03581154106275387
Extra Trees fusion,2,18,0.6774249201197299,0.6850013153766017,1.0,0.03148996408937812
Extra Trees fusion,3,18,0.764627377175557,0.8744022647711274,1.0,0.0267102681349574
Extra Trees fusion,4,17,0.3829064823822355,0.7549961176651201,0.8235294117647058,0.03661148277442171
Extra Trees fusion,5,17,0.5449329477792009,0.6063352975525461,0.8823529411764706,0.03719985382319492
Flat MLP Conv1D fusion,1,18,0.595968999769373,0.6924849875829673,0.9444444444444444,0.03422916669185673
Flat MLP Conv1D fusion,2,18,0.681501666196104,0.6663315015135703,1.0,0.033290472142806116
Flat MLP Conv1D fusion,3,18,0.47479141649205736,0.821155013661629,0.7777777777777778,0.037990947688728266
Flat MLP Conv1D fusion,4,17,0.28321073921073187,0.584981169250851,0.7647058823529411,0.04295109737995645
Flat MLP Conv1D fusion,5,17,0.5482689569791833,0.6802384363588933,0.8235294117647058,0.03554349397143752
Coordinate point fusion,1,18,0.4042370865278748,0.5976083406242569,0.8888888888888888,0.0438907139619836
Coordinate point fusion,2,18,0.29615501059286825,0.25402303077427757,0.9444444444444444,0.053741245844665525
Coordinate point fusion,3,18,0.26041168172366524,0.5393953137158378,0.7777777777777778,0.05086529988508875
Coordinate point fusion,4,17,0.12655004652370816,0.2203187317475801,0.7058823529411765,0.04960125610298738
Coordinate point fusion,5,17,0.2806783458627149,0.6690061584763604,0.7647058823529411,0.047607719825530526
Graph feature fusion,1,18,0.5593817735198825,0.6615001339612236,0.9444444444444444,0.03657062278323595
Graph feature fusion,2,18,0.660894278010271,0.7082348159386531,1.0,0.033575670198218575
Graph feature fusion,3,18,0.30459006943893524,0.6870921721897799,0.6666666666666666,0.04411846356076868
Graph feature fusion,4,17,0.290211989250473,0.7463357400659327,0.7647058823529411,0.042525796260406354
Graph feature fusion,5,17,0.4749672763182118,0.5938881538927583,0.8235294117647058,0.039274186036235746
