model,fold,test_wafers,best_epoch,validation_loss_scaled,rmse,mae,r2_global,r2_mean_location,r2_mean_wafer,r2_median_wafer,wafer_r2_positive_fraction
graph_uniform_k3,1,18,50,0.4067864418029785,0.0386303714171008,0.020032291091371758,0.7529358312699045,0.5778808427246414,0.583071492329202,0.6521675475152395,0.9444444444444444
graph_uniform_k3,2,18,40,0.24882590770721436,0.03726630532737846,0.02068702585223153,0.7837318939673132,0.4322123849977476,0.6608957787231079,0.7109308040275564,1.0
graph_uniform_k3,3,18,43,0.4124210476875305,0.05674622214028496,0.026929593412277752,0.49571184923822964,0.1878302037512982,0.26645400466732405,0.7005949953872551,0.7222222222222222
graph_uniform_k3,4,17,26,0.2297816276550293,0.04689363911421974,0.024568305376115096,0.48886329892449687,0.37767515037032806,0.29342824777370946,0.7446601925146551,0.7647058823529411
graph_uniform_k3,5,17,77,0.3031857907772064,0.04337499865478844,0.024923795160176156,0.662173867539028,0.27171882177008105,0.4807234099655029,0.5915279396004607,0.8235294117647058
graph_uniform_k6,1,18,44,0.4112868010997772,0.03982725254963277,0.021259219598111553,0.7373891329917417,0.5794020650477122,0.5593817735198825,0.6615001339612236,0.9444444444444444
graph_uniform_k6,2,18,40,0.24871578812599182,0.037253935962001536,0.02050872835639717,0.7838754367866148,0.44096357356668037,0.660894278010271,0.7082348159386531,1.0
graph_uniform_k6,3,18,46,0.42701736092567444,0.054936774057638915,0.02644334073745235,0.5273592494584689,0.26515807571343686,0.30459006943893524,0.6870921721897799,0.6666666666666666
graph_uniform_k6,4,17,26,0.22931165993213654,0.047016717597470385,0.024608073730944757,0.4861766877440642,0.3705960726834455,0.290211989250473,0.7463357400659327,0.7647058823529411
graph_uniform_k6,5,17,77,0.30079808831214905,0.04365935963167979,0.025058340173197417,0.6577298575984605,0.26261002137173534,0.4749672763182118,0.5938881538927583,0.8235294117647058
graph_uniform_k10,1,18,50,0.4142760634422302,0.038514024737163734,0.019958792375854118,0.7544218024149916,0.5815727113382678,0.586249140334448,0.6506440920263998,0.9444444444444444
graph_uniform_k10,2,18,40,0.24979805946350098,0.03736694422966298,0.020578242841065866,0.782562238261816,0.43446254617822305,0.6586217573706087,0.6969035211692902,1.0
graph_uniform_k10,3,18,46,0.42368853092193604,0.05607694870955097,0.027171265993641846,0.5075370015062597,0.24606354010666528,0.27357312473936557,0.7372603073711861,0.6666666666666666
graph_uniform_k10,4,17,26,0.22901178896427155,0.04711740355098939,0.024566502642222546,0.4839736336978977,0.3703416800198967,0.2873495297212691,0.7428256532611819,0.7647058823529411
graph_uniform_k10,5,17,77,0.2973608076572418,0.044115425681379265,0.025248323900391344,0.6505417956322359,0.2797969643154726,0.46535341839860866,0.578355991655232,0.8235294117647058
graph_distance_k3,1,18,50,0.4063192307949066,0.03862929169938621,0.020018813258099174,0.7529496419490085,0.5782856085439362,0.5831102767320836,0.6526933986769551,0.9444444444444444
graph_distance_k3,2,18,40,0.24824856221675873,0.037236262679977206,0.02063096702865371,0.7840804473038858,0.4355198416650479,0.6614105947756528,0.7122018203104232,1.0
graph_distance_k3,3,18,43,0.4119417071342468,0.05673544996142432,0.0269242342317106,0.4959032898785154,0.18885572841420914,0.2668678887013895,0.7008310361915309,0.7222222222222222
graph_distance_k3,4,17,26,0.22992895543575287,0.04686558015598537,0.024549972730106437,0.48947479646824243,0.3773508971881816,0.29433979752923445,0.7451107725501537,0.7647058823529411
graph_distance_k3,5,17,77,0.3014352321624756,0.04336764599412622,0.024938905966034562,0.6622883902116463,0.2736136951884141,0.48113097579135955,0.5860476228830469,0.8235294117647058
graph_distance_k6,1,18,44,0.40971165895462036,0.039803072075819394,0.021247789854845413,0.7377079160922386,0.5796353353051621,0.5597504297690801,0.6636003549848712,0.9444444444444444
graph_distance_k6,2,18,40,0.24837493896484375,0.03723724248088852,0.020496467993443842,0.7840690841356917,0.4417556867507123,0.6611378071974,0.7115188027224438,1.0
graph_distance_k6,3,18,45,0.4267290234565735,0.05729543753003301,0.028905271680456222,0.485903157560283,0.18722701260254943,0.25511101087271393,0.5990637856115706,0.6666666666666666
graph_distance_k6,4,17,26,0.22946183383464813,0.04698355332265372,0.024601128249169598,0.48690130521769626,0.3717967084810294,0.29111704072542227,0.7452201237190883,0.7647058823529411
graph_distance_k6,5,17,77,0.300714910030365,0.043591147466611094,0.025020187900466916,0.6587985287520259,0.2647781117665762,0.4764465890051381,0.5916010315395019,0.8235294117647058
graph_distance_k10,1,18,50,0.4141903519630432,0.038541477872198845,0.0199970423819235,0.7540715770461444,0.5799525751881609,0.5854867273910035,0.6514763695180291,0.9444444444444444
graph_distance_k10,2,18,40,0.24985723197460175,0.037317415741079184,0.020542987306579604,0.7831382675158628,0.4374646583653419,0.6595835674849709,0.7052354043598882,1.0
graph_distance_k10,3,18,45,0.43194371461868286,0.0574838007109454,0.028933852099500813,0.4825173348789096,0.18030536941050898,0.24932947686337542,0.6100620702710753,0.6666666666666666
graph_distance_k10,4,17,26,0.22917073965072632,0.04706763733015157,0.024583900241893827,0.48506313006135005,0.3714986752555774,0.28877899047332667,0.7441638742661228,0.7647058823529411
graph_distance_k10,5,17,77,0.29804807901382446,0.04398599933515769,0.02523137491430794,0.6525892768034878,0.2740778538399399,0.4675007337832466,0.5855715928046685,0.8235294117647058
