model,fold,train_wafers,test_wafers,test_lots,rmse,mae,r2_global,r2_mean_location
mean_map_baseline,1,68,20,"2,8",0.08501954978743849,0.05678243071828208,-0.06022795448687157,-0.21781399414792688
mean_map_baseline,2,69,19,"6,9",0.05968316621799946,0.04448051122035573,-0.014469361527836622,-31.758532970924772
mean_map_baseline,3,69,19,"1,5",0.08274359089770446,0.05629156409094376,-0.11132874408485272,-0.2584997923078816
mean_map_baseline,4,72,16,"4,7",0.06635261878685915,0.04683813844197838,-0.08320094652722032,-24.522773677562796
mean_map_baseline,5,74,14,"3,10",0.07140257563846848,0.050459733174754294,0.14025452467432353,-0.156469419334532
spatial_only,1,68,20,"2,8",0.060843567807065124,0.042326889825316176,0.4570110463413686,-0.5473950780451041
spatial_only,2,69,19,"6,9",0.08419484492897535,0.05277174632629933,-1.0188601183508852,-35.86598259679196
spatial_only,3,69,19,"1,5",0.07546146942778274,0.05501757282344917,0.07567577776258971,-0.24562993348739648
spatial_only,4,72,16,"4,7",0.058709382935325925,0.03912239099076971,0.15197642450839433,-12.545312090940213
spatial_only,5,74,14,"3,10",0.06112678685199816,0.03973251971215977,0.36990609575552524,-0.06363372909488624
process_only,1,68,20,"2,8",10.361414103502923,1.594162265025568,-15746.06830038564,-38083.39098045167
process_only,2,69,19,"6,9",0.06550820664373806,0.03913858146176545,-0.2221560070115387,-21.146781294022706
process_only,3,69,19,"1,5",0.06786058869098754,0.04441203735327357,0.25250367101628235,-0.0773167960799948
process_only,4,72,16,"4,7",0.05664633395719218,0.03367665994484769,0.21052840043232723,-13.272776277704056
process_only,5,74,14,"3,10",0.0710930954066861,0.04159614281646291,0.14769116414421668,0.21477882993761738
fused_spatial_process,1,68,20,"2,8",8.252770662454662,1.2977446436412408,-9988.901412349374,-44562.29506655485
fused_spatial_process,2,69,19,"6,9",0.08879331423461123,0.05272346188076126,-1.2454105506411084,-41.018676783053046
fused_spatial_process,3,69,19,"1,5",0.07028399484602375,0.046065766819897686,0.19816188768244636,-0.13775905271948338
fused_spatial_process,4,72,16,"4,7",0.054903156209398556,0.03249532879477576,0.2583696106856277,-10.758952102090136
fused_spatial_process,5,74,14,"3,10",0.06385276213613263,0.038246846043866765,0.3124543790986465,0.38325634617018706
