validation,model,fold,fit_wafers,validation_wafers,test_wafers,test_lots,best_epoch,validation_loss_scaled,rmse,mae,r2_global,r2_mean_location
wafer,spatial_only,1,60,10,18,"1,2,3,4,6,7,8,9,10",65,0.45950955152511597,0.04767493717468103,0.025325498656695887,0.6237016999711439,0.11528359503712095
wafer,spatial_only,2,60,10,18,"1,2,3,4,5,6,8",105,0.26735737919807434,0.04631565758709664,0.027637187262759818,0.6659469277834565,-0.14707913044548507
wafer,spatial_only,3,60,10,18,"1,2,3,4,5,6,7,8,9,10",89,0.504271924495697,0.043670657801773566,0.02270962425230126,0.7013350055556826,0.07717025047995302
wafer,spatial_only,4,60,11,17,"2,3,4,5,6,7,8,9,10",47,0.20108607411384583,0.04945386388784577,0.025073537654252243,0.4315272514168066,0.2339435925508554
wafer,spatial_only,5,60,11,17,"1,2,3,4,6,7,8,9",39,0.4017573595046997,0.04448062614096283,0.024434918603498276,0.6447320117617585,0.033079038057287506
wafer,process_only,1,60,10,18,"1,2,3,4,6,7,8,9,10",56,0.47759655117988586,0.04021562356017267,0.019855585686843886,0.7322425202843543,0.4630483739022537
wafer,process_only,2,60,10,18,"1,2,3,4,5,6,8",33,0.36559075117111206,0.04547264795078359,0.027573107558109843,0.6779967237371767,0.3395542303336303
wafer,process_only,3,60,10,18,"1,2,3,4,5,6,7,8,9,10",101,0.3428890109062195,0.05169804262140958,0.026879401692306185,0.5814444967068617,0.04894089160618375
wafer,process_only,4,60,11,17,"2,3,4,5,6,7,8,9,10",29,0.3200435936450958,0.047449239437319796,0.0253745782635415,0.4766795538162343,0.20097262476314667
wafer,process_only,5,60,11,17,"1,2,3,4,6,7,8,9",116,0.334142804145813,0.04260840047942586,0.022280404785061936,0.6740096420792847,0.22450529787272566
wafer,fused_spatial_process,1,60,10,18,"1,2,3,4,6,7,8,9,10",72,0.4632801115512848,0.03757577877924701,0.02021677012670531,0.7662411951125939,0.5539996880141829
wafer,fused_spatial_process,2,60,10,18,"1,2,3,4,5,6,8",61,0.30330491065979004,0.036971449985258316,0.021247410541661807,0.7871406320584937,0.48918480354363497
wafer,fused_spatial_process,3,60,10,18,"1,2,3,4,5,6,7,8,9,10",120,0.364120751619339,0.04684076272834885,0.02262245055881642,0.6564003027061367,0.355966723788725
wafer,fused_spatial_process,4,60,11,17,"2,3,4,5,6,7,8,9,10",26,0.25493860244750977,0.0471950250131635,0.024668551480720325,0.48227202404913794,0.3245046372770774
wafer,fused_spatial_process,5,60,11,17,"1,2,3,4,6,7,8,9",115,0.3037908673286438,0.04069200366247656,0.021596735893040685,0.7026743051855273,0.48563985799299836
lot,spatial_only,1,58,10,20,"2,8",78,0.4668235182762146,0.03837685535043709,0.019547310286916055,0.7839767878504532,-0.3442888855490905
lot,spatial_only,2,63,6,19,"6,9",12,0.31416815519332886,0.09293574970117477,0.05622758853371488,-1.4598059032751456,-76.2173642767405
lot,spatial_only,3,65,4,19,"1,5",1,0.783882200717926,0.08356933598164118,0.05658630455891276,-0.13362057919091308,-0.20484539912968602
lot,spatial_only,4,62,10,16,"4,7",12,0.5153690576553345,0.04294772214291699,0.025816146113830298,0.5461909380029663,-2.4077229066593784
lot,spatial_only,5,65,9,14,"3,10",33,0.4734402000904083,0.06071666302809968,0.03669087251168673,0.3783328305894672,-0.16169300953341362
lot,process_only,1,58,10,20,"2,8",6,0.5171524286270142,0.08794490479740827,0.05572179156503638,-0.134443876764762,-0.29696969109817994
lot,process_only,2,63,6,19,"6,9",23,0.22888515889644623,0.05927167745128971,0.02868871799815762,-0.0005289581550826927,-0.46058760177776664
lot,process_only,3,65,4,19,"1,5",65,0.6344261169433594,0.06576124571274179,0.04456185231870322,0.29803754957428885,-0.260517473540958
lot,process_only,4,62,10,16,"4,7",12,0.49887967109680176,0.05528309642548142,0.033210798955700095,0.24806964985485502,-8.091872448545848
lot,process_only,5,65,9,14,"3,10",60,0.4311760365962982,0.07190619934172614,0.040414530698931764,0.128083669664121,-0.02553015855950219
lot,fused_spatial_process,1,58,10,20,"2,8",6,0.5423840284347534,0.08699078665103739,0.05503169017224569,-0.10996213961310075,-0.44068250515689916
lot,fused_spatial_process,2,63,6,19,"6,9",11,0.302370548248291,0.0763426681319689,0.0470155220422812,-0.6598540195667635,-33.03065859981622
lot,fused_spatial_process,3,65,4,19,"1,5",7,0.7751478552818298,0.08375762907922223,0.055252400260018916,-0.13873473732299368,-0.2045604660149368
lot,fused_spatial_process,4,62,10,16,"4,7",6,0.5209837555885315,0.05181541281097426,0.03416026752985177,0.3394422085434764,-9.976420025695072
lot,fused_spatial_process,5,65,9,14,"3,10",27,0.5422462821006775,0.07070179215280255,0.04268580223023331,0.15704772345334994,-0.07578115911049117
